{"cameraMode":{"drawMode":0,"name":"Shaded","section":"Shading Mode"},"sceneLighting":false,"audioPlay":false,"sceneViewState":{"m_AlwaysRefresh":false,"showFog":true,"showSkybox":false,"showFlares":true,"showImageEffects":true,"showParticleSystems":true,"showVisualEffectGraphs":true,"m_FxEnabled":true},"in2DMode":false,"pivot":{"x":14.732401847839356,"y":6.569921016693115,"z":-5.21540641784668e-7},"rotation":{"x":-0.01649922877550125,"y":-0.0014998732367530466,"z":-0.000024725388357182965,"w":0.9998627305030823},"size":2.255315065383911,"orthographic":false}