{"cameraMode":{"drawMode":0,"name":"Shaded","section":"Shading Mode"},"sceneLighting":true,"audioPlay":false,"sceneViewState":{"m_AlwaysRefresh":false,"showFog":true,"showSkybox":true,"showFlares":true,"showImageEffects":true,"showParticleSystems":true,"showVisualEffectGraphs":true,"m_FxEnabled":true},"in2DMode":false,"pivot":{"x":10.299885749816895,"y":10.478023529052735,"z":-7.118988037109375},"rotation":{"x":0.002397088333964348,"y":0.9974122047424316,"z":0.04010801017284393,"w":-0.059615325182676318},"size":442.4021911621094,"orthographic":false}