{"cameraMode":{"drawMode":0,"name":"Shaded","section":"Shading Mode"},"sceneLighting":true,"audioPlay":false,"sceneViewState":{"m_AlwaysRefresh":false,"showFog":true,"showSkybox":true,"showFlares":true,"showImageEffects":true,"showParticleSystems":true,"showVisualEffectGraphs":true,"m_FxEnabled":true},"in2DMode":false,"pivot":{"x":15.762946128845215,"y":9.896987915039063,"z":-30.36151885986328},"rotation":{"x":-0.000011137515684822574,"y":0.9999549984931946,"z":-0.00930969137698412,"w":-0.0011989935301244259},"size":28.327756881713868,"orthographic":false}