{"cameraMode":{"drawMode":0,"name":"Shaded","section":"Shading Mode"},"sceneLighting":false,"audioPlay":false,"sceneViewState":{"m_AlwaysRefresh":false,"showFog":true,"showSkybox":false,"showFlares":true,"showImageEffects":true,"showParticleSystems":true,"showVisualEffectGraphs":true,"m_FxEnabled":true},"in2DMode":false,"pivot":{"x":20.252790451049806,"y":5.446847438812256,"z":0.0831097960472107},"rotation":{"x":-0.010501617565751076,"y":-0.7393327355384827,"z":-0.011535154655575753,"w":0.673175573348999},"size":3.822838068008423,"orthographic":false}