{"cameraMode":{"drawMode":0,"name":"Shaded","section":"Shading Mode"},"sceneLighting":false,"audioPlay":false,"sceneViewState":{"m_AlwaysRefresh":false,"showFog":true,"showSkybox":false,"showFlares":true,"showImageEffects":true,"showParticleSystems":true,"showVisualEffectGraphs":true,"m_FxEnabled":true},"in2DMode":false,"pivot":{"x":0.0003904998302459717,"y":0.2017788589000702,"z":-0.002974957227706909},"rotation":{"x":0.2944413125514984,"y":-0.20157530903816224,"z":0.06368010491132736,"w":0.9320030212402344},"size":0.5833775997161865,"orthographic":false}