{"cameraMode":{"drawMode":0,"name":"Shaded","section":"Shading Mode"},"sceneLighting":false,"audioPlay":false,"sceneViewState":{"m_AlwaysRefresh":false,"showFog":true,"showSkybox":false,"showFlares":true,"showImageEffects":true,"showParticleSystems":true,"showVisualEffectGraphs":true,"m_FxEnabled":true},"in2DMode":false,"pivot":{"x":11.783653259277344,"y":1.4051686525344849,"z":-0.38894015550613406},"rotation":{"x":0.033893320709466937,"y":0.006295539904385805,"z":-0.00021474658569786698,"w":0.9994200468063355},"size":2.8628931045532228,"orthographic":false}