{"cameraMode":{"drawMode":0,"name":"Shaded","section":"Shading Mode"},"sceneLighting":false,"audioPlay":false,"sceneViewState":{"m_AlwaysRefresh":false,"showFog":true,"showSkybox":false,"showFlares":true,"showImageEffects":true,"showParticleSystems":true,"showVisualEffectGraphs":true,"m_FxEnabled":true},"in2DMode":false,"pivot":{"x":20.558269500732423,"y":1.0714261531829835,"z":-0.44963908195495608},"rotation":{"x":-0.045275747776031497,"y":-0.6165928244590759,"z":-0.03555653989315033,"w":0.7851884365081787},"size":3.3645243644714357,"orthographic":false}