{"cameraMode":{"drawMode":0,"name":"Shaded","section":"Shading Mode"},"sceneLighting":false,"audioPlay":false,"sceneViewState":{"m_AlwaysRefresh":false,"showFog":true,"showSkybox":false,"showFlares":true,"showImageEffects":true,"showParticleSystems":true,"showVisualEffectGraphs":true,"m_FxEnabled":true},"in2DMode":false,"pivot":{"x":42.21886444091797,"y":0.6775377988815308,"z":-0.5341973304748535},"rotation":{"x":-0.045275747776031497,"y":-0.6165928244590759,"z":-0.03555653989315033,"w":0.7851884365081787},"size":2.8286209106445314,"orthographic":false}